-- POULATE COUNTRY AND STATE TABLES

	INSERT INTO COUNTRY (COUNTRY_ID, COUNTRY, COUNTRY_CODE)
		VALUES(1, 'United States', 'USA');	
		
	INSERT INTO COUNTRY (COUNTRY_ID, COUNTRY, COUNTRY_CODE)
		VALUES(2, 'Mexico', 'MEX');	
		
	INSERT INTO COUNTRY (COUNTRY_ID, COUNTRY, COUNTRY_CODE)
		VALUES(3, 'Canada', 'CAN');	
		

	INSERT INTO STATE (STATE_ID, STATE, STATE_CODE, COUNTRY_ID) 
		VALUES (1, 'California', 'CA', 1);
		
	INSERT INTO STATE (STATE_ID, STATE, STATE_CODE, COUNTRY_ID) 
		VALUES (2, 'Texas', 'TX', 1);
		
	INSERT INTO STATE (STATE_ID, STATE, STATE_CODE, COUNTRY_ID) 
		VALUES (3, 'New York', 'NY', 1);
		
	INSERT INTO STATE (STATE_ID, STATE, STATE_CODE, COUNTRY_ID) 
		VALUES (4, 'Alabama', 'AL', 1);
		
	INSERT INTO STATE (STATE_ID, STATE, STATE_CODE, COUNTRY_ID) 
		VALUES (5, 'Arkansas', 'AR', 1);
		
	INSERT INTO STATE (STATE_ID, STATE, STATE_CODE, COUNTRY_ID) 
		VALUES (6, 'Arizona', 'NY', 1);
	
	INSERT INTO STATE (STATE_ID, STATE, STATE_CODE, COUNTRY_ID) 
		VALUES (7, 'Colorado', 'CO', 1);
		
	INSERT INTO STATE (STATE_ID, STATE, STATE_CODE, COUNTRY_ID) 
		VALUES (8, 'Connecticut', 'CT', 1);
		
	INSERT INTO STATE (STATE_ID, STATE, STATE_CODE, COUNTRY_ID) 
		VALUES (9, 'Dist. Of Columbia', 'DC', 1);
		
	INSERT INTO STATE (STATE_ID, STATE, STATE_CODE, COUNTRY_ID) 
		VALUES (10, 'Delaware', 'DE', 1);
		
	INSERT INTO STATE (STATE_ID, STATE, STATE_CODE, COUNTRY_ID) 
		VALUES (11, 'Florida', 'FL', 1);
		
	INSERT INTO STATE (STATE_ID, STATE, STATE_CODE, COUNTRY_ID) 
		VALUES (12, 'Georgia', 'GA', 1);

	INSERT INTO STATE (STATE_ID, STATE, STATE_CODE, COUNTRY_ID) 
		VALUES (13, 'Hawaii', 'HI', 1);
		
	INSERT INTO STATE (STATE_ID, STATE, STATE_CODE, COUNTRY_ID) 
		VALUES (14, 'Idaho', 'ID', 1);
		
	INSERT INTO STATE (STATE_ID, STATE, STATE_CODE, COUNTRY_ID) 
		VALUES (15, 'Illinois', 'IL', 1);
		
	INSERT INTO STATE (STATE_ID, STATE, STATE_CODE, COUNTRY_ID) 
		VALUES (16, 'Kansas', 'KS', 1);
		
	INSERT INTO STATE (STATE_ID, STATE, STATE_CODE, COUNTRY_ID) 
		VALUES (17, 'Indiana', 'IN', 1);
		
	INSERT INTO STATE (STATE_ID, STATE, STATE_CODE, COUNTRY_ID) 
		VALUES (18, 'Kentucky', 'KY', 1);
	
	INSERT INTO STATE (STATE_ID, STATE, STATE_CODE, COUNTRY_ID) 
		VALUES (19, 'Louisiana', 'LA', 1);
		
	INSERT INTO STATE (STATE_ID, STATE, STATE_CODE, COUNTRY_ID) 
		VALUES (20, 'Massachusetts', 'MA', 1);
		
	INSERT INTO STATE (STATE_ID, STATE, STATE_CODE, COUNTRY_ID) 
		VALUES (21, 'Maryland', 'MD', 1);
		
	INSERT INTO STATE (STATE_ID, STATE, STATE_CODE, COUNTRY_ID) 
		VALUES (22, 'Maine', 'ME', 1);
		
	INSERT INTO STATE (STATE_ID, STATE, STATE_CODE, COUNTRY_ID) 
		VALUES (23, 'Michigan', 'MI', 1);
		
	INSERT INTO STATE (STATE_ID, STATE, STATE_CODE, COUNTRY_ID) 
		VALUES (24, 'Minnesota', 'MN', 1);

	INSERT INTO STATE (STATE_ID, STATE, STATE_CODE, COUNTRY_ID) 
		VALUES (25, 'Mississippi', 'MS', 1);
		
	INSERT INTO STATE (STATE_ID, STATE, STATE_CODE, COUNTRY_ID) 
		VALUES (26, 'Montana', 'MT', 1);
		
	INSERT INTO STATE (STATE_ID, STATE, STATE_CODE, COUNTRY_ID) 
		VALUES (27, 'North Carolina', 'NC', 1);
		
	INSERT INTO STATE (STATE_ID, STATE, STATE_CODE, COUNTRY_ID) 
		VALUES (28, 'North Dakota', 'ND', 1);
		
	INSERT INTO STATE (STATE_ID, STATE, STATE_CODE, COUNTRY_ID) 
		VALUES (29, 'Nebraska', 'NE', 1);
		
	INSERT INTO STATE (STATE_ID, STATE, STATE_CODE, COUNTRY_ID) 
		VALUES (30, 'New Hampshire', 'NH', 1);
	
	INSERT INTO STATE (STATE_ID, STATE, STATE_CODE, COUNTRY_ID) 
		VALUES (31, 'New Jersey', 'NJ', 1);
		
	INSERT INTO STATE (STATE_ID, STATE, STATE_CODE, COUNTRY_ID) 
		VALUES (32, 'New Mexico', 'NM', 1);
		
	INSERT INTO STATE (STATE_ID, STATE, STATE_CODE, COUNTRY_ID) 
		VALUES (33, 'Nevada', 'NV', 1);
		
	INSERT INTO STATE (STATE_ID, STATE, STATE_CODE, COUNTRY_ID) 
		VALUES (34, 'Alaska', 'AK', 1);
		
	INSERT INTO STATE (STATE_ID, STATE, STATE_CODE, COUNTRY_ID) 
		VALUES (35, 'Ohio', 'OH', 1);
		
	INSERT INTO STATE (STATE_ID, STATE, STATE_CODE, COUNTRY_ID) 
		VALUES (36, 'Oregon', 'OR', 1);

	INSERT INTO STATE (STATE_ID, STATE, STATE_CODE, COUNTRY_ID) 
		VALUES (37, 'Pennsylvania', 'PA', 1);
		
	INSERT INTO STATE (STATE_ID, STATE, STATE_CODE, COUNTRY_ID) 
		VALUES (38, 'Puerto Rico', 'PR', 1);
		
	INSERT INTO STATE (STATE_ID, STATE, STATE_CODE, COUNTRY_ID) 
		VALUES (39, 'Rhode Island', 'RI', 1);
		
	INSERT INTO STATE (STATE_ID, STATE, STATE_CODE, COUNTRY_ID) 
		VALUES (40, 'South Carolina', 'SC', 1);
		
	INSERT INTO STATE (STATE_ID, STATE, STATE_CODE, COUNTRY_ID) 
		VALUES (41, 'South Dakota', 'SD', 1);
		
	INSERT INTO STATE (STATE_ID, STATE, STATE_CODE, COUNTRY_ID) 
		VALUES (42, 'Tennessee', 'TN', 1);
	
	INSERT INTO STATE (STATE_ID, STATE, STATE_CODE, COUNTRY_ID) 
		VALUES (43, 'Utah', 'UT', 1);
		
	INSERT INTO STATE (STATE_ID, STATE, STATE_CODE, COUNTRY_ID) 
		VALUES (44, 'Virginia', 'VA', 1);
		
	INSERT INTO STATE (STATE_ID, STATE, STATE_CODE, COUNTRY_ID) 
		VALUES (45, 'Virgin Islands', 'VI', 1);
		
	INSERT INTO STATE (STATE_ID, STATE, STATE_CODE, COUNTRY_ID) 
		VALUES (46, 'Washington', 'WA', 1);
		
	INSERT INTO STATE (STATE_ID, STATE, STATE_CODE, COUNTRY_ID) 
		VALUES (47, 'Wisconsin', 'WI', 1);
		
	INSERT INTO STATE (STATE_ID, STATE, STATE_CODE, COUNTRY_ID) 
		VALUES (48, 'West Virginia', 'WV', 1);

	INSERT INTO STATE (STATE_ID, STATE, STATE_CODE, COUNTRY_ID) 
		VALUES (49, 'Wyoming', 'WY', 1);

	INSERT INTO STATE (STATE_ID, STATE, STATE_CODE, COUNTRY_ID) 
		VALUES (50, 'Iowa', 'IA', 1);

	INSERT INTO STATE (STATE_ID, STATE, STATE_CODE, COUNTRY_ID) 
		VALUES (51, 'Missouri', 'MO', 1);

	INSERT INTO STATE (STATE_ID, STATE, STATE_CODE, COUNTRY_ID) 
		VALUES (52, 'Oklahoma', 'OK', 1);

	INSERT INTO STATE (STATE_ID, STATE, STATE_CODE, COUNTRY_ID) 
		VALUES (53, 'Vermont', 'VT', 1);


-- *******************************************************
-- **	POPULATE COMPANY for Sales Portal				**
-- *******************************************************

INSERT INTO COMPANY(COMPANY_ID, COMPANY) VALUES (1, 'default company');


-- *******************************************************
-- **	POPULATE ACTION for Sales Portal				**
-- *******************************************************

INSERT INTO ACTION(ACTION_ID, ACTION, MANDATORY_DATE, COLOR) VALUES (2, 'No Action', 0, '#FFFFFF');
INSERT INTO ACTION(ACTION_ID, ACTION, MANDATORY_DATE, COLOR) VALUES (1, 'Follow up', 1, '#76EEC6');
-- INSERT INTO ACTION(ACTION_ID, ACTION, MANDATORY_DATE) VALUES (3, 'Follow Up', 1);

			
-- *******************************************************
-- **	POPULATE WEBUSER for Sales Portal				**
-- *******************************************************

INSERT INTO WEBUSER (USER_ID, USER_TYPE, ACTIVE, USER_NAME, PASSWORD, COMPANY_ID, FIRST_NAME, LAST_NAME, 
		CREATION_DATE, ALLOW_CAL_OF_ALL_TERRITORIES)
		VALUES (100, 2, 1, 'admin', 'admin', 1, 'Admin', 'User', '2006-06-02 00:00:00', 1) ; 
		
		
	
-- *******************************************************
-- **	POPULATE DOCUMENTS for Sales Portal				**
-- *******************************************************

INSERT INTO DOCUMENT (DOCUMENT_ID, DOCUMENT_TYPE, FILE_NAME, FILE_TYPE, DESCRIPTION)
		VALUES (1, 1, 'SalesPortal_Brochure.pdf', 'pdf', 'Sales Portal Brocure') ; 
INSERT INTO DOCUMENT (DOCUMENT_ID, DOCUMENT_TYPE, FILE_NAME, FILE_TYPE, DESCRIPTION)
		VALUES (2, 1, 'SalesPortal_UserManual.pdf', 'pdf', 'Sales Portal User Manual') ; 
INSERT INTO DOCUMENT (DOCUMENT_ID, DOCUMENT_TYPE, FILE_NAME, FILE_TYPE, DESCRIPTION)
		VALUES (3, 1, 'SalesPortal_Admin.pdf', 'pdf', 'Sales Portal Administration Manual') ; 
		
	
-- *******************************************************
-- **	POPULATE SQL QUERIES for Sales Portal			**
-- *******************************************************
INSERT INTO CUSTOM_QUERY (CUSTOM_QUERY_NO, CUSTOM_QUERY_NAME, CUSTOM_QUERY_FILE_NAME,
		CUSTOM_QUERY_DESCRIPTION)
		VALUES (1, 'Prospects By State', 'ByState.sql', 'Count of prospects by State');
INSERT INTO CUSTOM_QUERY (CUSTOM_QUERY_NO, CUSTOM_QUERY_NAME, CUSTOM_QUERY_FILE_NAME,
		CUSTOM_QUERY_DESCRIPTION)
		VALUES (2, 'Email Count', 'emailcount.sql', 'Count of records with email');
INSERT INTO CUSTOM_QUERY (CUSTOM_QUERY_NO, CUSTOM_QUERY_NAME, CUSTOM_QUERY_FILE_NAME,
		CUSTOM_QUERY_DESCRIPTION)
		VALUES (3, 'Past Sales Action', 'past_sales_actions.sql', 'Display all the prospects with the next sales action set, but past due');
INSERT INTO CUSTOM_QUERY (CUSTOM_QUERY_NO, CUSTOM_QUERY_NAME, CUSTOM_QUERY_FILE_NAME,
		CUSTOM_QUERY_DESCRIPTION)
		VALUES (4, 'Prospects No Territory', 'prospects_no_territory.sql', 'Count of prospects that have not been assigned to a territory');
INSERT INTO CUSTOM_QUERY (CUSTOM_QUERY_NO, CUSTOM_QUERY_NAME, CUSTOM_QUERY_FILE_NAME,
		CUSTOM_QUERY_DESCRIPTION)
		VALUES (5, 'Prospects Territory', 'prospects_territory.sql', 'Count of prospects by territory plus verified count');
INSERT INTO CUSTOM_QUERY (CUSTOM_QUERY_NO, CUSTOM_QUERY_NAME, CUSTOM_QUERY_FILE_NAME,
		CUSTOM_QUERY_DESCRIPTION)
		VALUES (6, 'Next Sales Action', 'sales_actions.sql', 'Display all prospects with next sales action set and number of days left is greater than zero, order by action date');
INSERT INTO CUSTOM_QUERY (CUSTOM_QUERY_NO, CUSTOM_QUERY_NAME, CUSTOM_QUERY_FILE_NAME,
		CUSTOM_QUERY_DESCRIPTION)
		VALUES (7, 'Verified Count', 'verifiedcount.sql', 'Count of prospects with verified = Y');
INSERT INTO CUSTOM_QUERY (CUSTOM_QUERY_NO, CUSTOM_QUERY_NAME, CUSTOM_QUERY_FILE_NAME,
		CUSTOM_QUERY_DESCRIPTION)
		VALUES (8, 'Count of Web Sites', 'websites.sql', 'Count of prospects with web sites');
INSERT INTO CUSTOM_QUERY (CUSTOM_QUERY_NO, CUSTOM_QUERY_NAME, CUSTOM_QUERY_FILE_NAME,CUSTOM_QUERY_DESCRIPTION)
		VALUES(9, 'New Prospects in Last 7 Days', 'new_leads.sql', 'New Prospects within 7 Days');
INSERT INTO CUSTOM_QUERY (CUSTOM_QUERY_NO, CUSTOM_QUERY_NAME, CUSTOM_QUERY_FILE_NAME, CUSTOM_QUERY_DESCRIPTION)
		VALUES (10, 'New Prospects in Last 30 Days', 'new_leads_1.sql', 'New Prospects within 30 Days');
INSERT INTO CUSTOM_QUERY (CUSTOM_QUERY_NO, CUSTOM_QUERY_NAME, CUSTOM_QUERY_FILE_NAME,
		CUSTOM_QUERY_DESCRIPTION)
		VALUES (11, 'Prospects by Country', 'ByCountry.sql', 'Count of prospects by Country');
		
INSERT INTO CUSTOM_QUERY_USERS (CUSTOM_QUERY_NO, USER_ID)
		VALUES (1, 100);
INSERT INTO CUSTOM_QUERY_USERS (CUSTOM_QUERY_NO, USER_ID)
		VALUES (2, 100);
INSERT INTO CUSTOM_QUERY_USERS (CUSTOM_QUERY_NO, USER_ID)
		VALUES (3, 100);
INSERT INTO CUSTOM_QUERY_USERS (CUSTOM_QUERY_NO, USER_ID)
		VALUES (4, 100);
INSERT INTO CUSTOM_QUERY_USERS (CUSTOM_QUERY_NO, USER_ID)
		VALUES (5, 100);
INSERT INTO CUSTOM_QUERY_USERS (CUSTOM_QUERY_NO, USER_ID)
		VALUES (6, 100);
INSERT INTO CUSTOM_QUERY_USERS (CUSTOM_QUERY_NO, USER_ID)
		VALUES (7, 100);
INSERT INTO CUSTOM_QUERY_USERS (CUSTOM_QUERY_NO, USER_ID)
		VALUES (8, 100);
INSERT INTO CUSTOM_QUERY_USERS (CUSTOM_QUERY_NO, USER_ID)
		VALUES (9, 100);
INSERT INTO CUSTOM_QUERY_USERS (CUSTOM_QUERY_NO, USER_ID)
		VALUES (10, 100);
INSERT INTO CUSTOM_QUERY_USERS (CUSTOM_QUERY_NO, USER_ID)
		VALUES (11, 100);
-- values for label table --

INSERT INTO LABEL (LABEL_ID, LABEL_DEFAULT, LABEL_ACTUAL)
		VALUES (1,'USER_1'   , 'User 1'  );
INSERT INTO LABEL (LABEL_ID, LABEL_DEFAULT, LABEL_ACTUAL)
		VALUES (2,'USER_2'  , 'User 2'  );
INSERT INTO LABEL (LABEL_ID, LABEL_DEFAULT, LABEL_ACTUAL)
		VALUES (3,'USER_3'   , 'User 3' );
INSERT INTO LABEL (LABEL_ID, LABEL_DEFAULT, LABEL_ACTUAL)
		VALUES (4,'USER_4'  , 'User 4' );
INSERT INTO LABEL (LABEL_ID, LABEL_DEFAULT, LABEL_ACTUAL)
		VALUES (5,'USER_DROPDOWN_1'   , 'User Dropdown 1'  );
INSERT INTO LABEL (LABEL_ID, LABEL_DEFAULT, LABEL_ACTUAL)
		VALUES (6,'USER_DROPDOWN_2'  , 'User Dropdown 2'  );

		
		--Initial date format / time offset data

insert into date_format(date_format_id, date_format)values(1,'MM/dd/yyyy');
insert into date_format(date_format_id, date_format)values(2,'dd/MM/yyyy');
insert into time_offset(time_offset_id, time_offset)values(1,0);
insert into time_offset(time_offset_id, time_offset)values(2,1);
insert into time_offset(time_offset_id, time_offset)values(3,-1);
insert into time_offset(time_offset_id, time_offset)values(4,2);
insert into time_offset(time_offset_id, time_offset)values(5,-2);
insert into time_offset(time_offset_id, time_offset)values(6,3);
insert into time_offset(time_offset_id, time_offset)values(7,-3);
insert into time_offset(time_offset_id, time_offset)values(8,4);
insert into time_offset(time_offset_id, time_offset)values(9,-4);
insert into time_offset(time_offset_id, time_offset)values(10,5);
insert into time_offset(time_offset_id, time_offset)values(11,-5);
insert into time_offset(time_offset_id, time_offset) values(12,6);
insert into time_offset(time_offset_id, time_offset) values(13,-6);
insert into time_offset(time_offset_id, time_offset) values(14,7);
insert into time_offset(time_offset_id, time_offset) values(15,-7);
insert into time_offset(time_offset_id, time_offset) values(16,8);
insert into time_offset(time_offset_id, time_offset) values(17,-8);
insert into time_offset(time_offset_id, time_offset) values(18,9);
insert into time_offset(time_offset_id, time_offset) values(19,-9);
insert into time_offset(time_offset_id, time_offset) values(20,10);
insert into time_offset(time_offset_id, time_offset) values(21,-10);
insert into time_offset(time_offset_id, time_offset) values(22,11);
insert into time_offset(time_offset_id, time_offset) values(23,-11);
insert into time_offset(time_offset_id, time_offset) values(24,12);
insert into time_offset(time_offset_id, time_offset) values(25,-13);


-- insert edi data for dm --
insert into edi_group_control values(1,1000);
insert into edi_interchange_control values(1,100000000);
	 
-- insert in admin user for dm --

insert into webuser_dm (user_no, active, user_type, user_name, password) values (1,1,3,'admin','admin');




-- POPULATE THE SECURITY_ACTIONS TABLE

	INSERT INTO  SECURITY_ACTIONS (SEC_ACT_PK, ACTION_DESC, ACTION_CATEGORY, ENTRY_POINT, COMMENTS, APP_GROUP_FK) 
		VALUES (0, 'CustomerSelection', 0, 1, 'Entry point for All reports', 1);
		
	INSERT INTO  SECURITY_ACTIONS (SEC_ACT_PK, ACTION_DESC, ACTION_CATEGORY, ENTRY_POINT, COMMENTS, APP_GROUP_FK) 
		VALUES (1, 'ActivitySummary', 1, 1, 'Activity Summary report', 1);
		
	INSERT INTO  SECURITY_ACTIONS (SEC_ACT_PK, ACTION_DESC, ACTION_CATEGORY, ENTRY_POINT, COMMENTS, APP_GROUP_FK) 
		VALUES (2, 'Misc. Reports Menu', 2, 1, '', 1);	
		
	INSERT INTO  SECURITY_ACTIONS (SEC_ACT_PK, ACTION_DESC, ACTION_CATEGORY, ENTRY_POINT, COMMENTS, APP_GROUP_FK) 
		VALUES (3, 'Historical Reports Menu', 3, 1, '', 1);		

	INSERT INTO  SECURITY_ACTIONS (SEC_ACT_PK, ACTION_DESC, ACTION_CATEGORY, ENTRY_POINT, COMMENTS, APP_GROUP_FK) 
		VALUES (4, 'Date Reports Menu', 4, 1, '', 1);	
		
			

	INSERT INTO  SECURITY_ACTIONS (SEC_ACT_PK, ACTION_DESC, ACTION_CATEGORY, ENTRY_POINT, COMMENTS, APP_GROUP_FK) 
		VALUES (20, 'Propsect Summary Queries(by Status Id)', 1, 0, '', 1);	
		
	INSERT INTO  SECURITY_ACTIONS (SEC_ACT_PK, ACTION_DESC, ACTION_CATEGORY, ENTRY_POINT, COMMENTS, APP_GROUP_FK) 
		VALUES (21, 'Propsect Summary By State Queries', 1, 0, '', 1);	
	
	INSERT INTO  SECURITY_ACTIONS (SEC_ACT_PK, ACTION_DESC, ACTION_CATEGORY, ENTRY_POINT, COMMENTS, APP_GROUP_FK) 
		VALUES (22, 'Propsect Summary By Country Queries', 1, 0, '', 1);								

	INSERT INTO  SECURITY_ACTIONS (SEC_ACT_PK, ACTION_DESC, ACTION_CATEGORY, ENTRY_POINT, COMMENTS, APP_GROUP_FK) 
		VALUES (23, 'Propsect Summary by Territory Queries', 1, 0, '', 1);	
		
	INSERT INTO  SECURITY_ACTIONS (SEC_ACT_PK, ACTION_DESC, ACTION_CATEGORY, ENTRY_POINT, COMMENTS, APP_GROUP_FK) 
		VALUES (24, 'Sales Actions Queries', 1, 0, '', 1);	
		
		
	INSERT INTO  SECURITY_ACTIONS (SEC_ACT_PK, ACTION_DESC, ACTION_CATEGORY, ENTRY_POINT, COMMENTS, APP_GROUP_FK) 
		VALUES (30, 'Misc. Reports - New Leads', 2, 0, '', 1);	
		
	INSERT INTO  SECURITY_ACTIONS (SEC_ACT_PK, ACTION_DESC, ACTION_CATEGORY, ENTRY_POINT, COMMENTS, APP_GROUP_FK) 
		VALUES (31, 'Misc. Reports - Prospects Not Linked to Ter', 2, 0, '', 1);	
		
		
	INSERT INTO  SECURITY_ACTIONS (SEC_ACT_PK, ACTION_DESC, ACTION_CATEGORY, ENTRY_POINT, COMMENTS, APP_GROUP_FK) 
		VALUES (40, 'Historical Reports - Sales Actions', 3, 0, '', 1);		

	INSERT INTO  SECURITY_ACTIONS (SEC_ACT_PK, ACTION_DESC, ACTION_CATEGORY, ENTRY_POINT, COMMENTS, APP_GROUP_FK) 
		VALUES (41, 'Historical Reports - Campaigns', 3, 0, '', 1);		
	
	INSERT INTO  SECURITY_ACTIONS (SEC_ACT_PK, ACTION_DESC, ACTION_CATEGORY, ENTRY_POINT, COMMENTS, APP_GROUP_FK) 
		VALUES (42, 'Historical Reports - Revenue/Commission', 3, 0, '', 1);		
		
	INSERT INTO  SECURITY_ACTIONS (SEC_ACT_PK, ACTION_DESC, ACTION_CATEGORY, ENTRY_POINT, COMMENTS, APP_GROUP_FK) 
		VALUES (43, 'Historical Reports - Performance Data', 3, 0, '', 1);			
				
	INSERT INTO  SECURITY_ACTIONS (SEC_ACT_PK, ACTION_DESC, ACTION_CATEGORY, ENTRY_POINT, COMMENTS, APP_GROUP_FK) 
		VALUES (50, 'Date Summary - Lead Source Report', 4, 0, '', 1);	
		
	INSERT INTO  SECURITY_ACTIONS (SEC_ACT_PK, ACTION_DESC, ACTION_CATEGORY, ENTRY_POINT, COMMENTS, APP_GROUP_FK) 
		VALUES (51, 'Date Summary - Rep Sales Report', 4, 0, '', 1);	
	
	INSERT INTO  SECURITY_ACTIONS (SEC_ACT_PK, ACTION_DESC, ACTION_CATEGORY, ENTRY_POINT, COMMENTS, APP_GROUP_FK) 
		VALUES (52, 'Date Summary - Sales Action Report', 4, 0, '', 1);
		
	INSERT INTO  SECURITY_ACTIONS (SEC_ACT_PK, ACTION_DESC, ACTION_CATEGORY, ENTRY_POINT, COMMENTS, APP_GROUP_FK) 
		VALUES (53, 'Date Summary - Updates Report', 4, 0, '', 1);
		
	INSERT INTO  SECURITY_ACTIONS (SEC_ACT_PK, ACTION_DESC, ACTION_CATEGORY, ENTRY_POINT, COMMENTS, APP_GROUP_FK) 
		VALUES (54, 'Date Summary - New Lead Report', 4, 0, '', 1);		
			
		
-- POPULATE USER TYPES

	INSERT INTO  USER_TYPE(USER_TYPE_PK, description, SHORT_DESC)
		VALUES (1, 'View all reports and change application settings', 'ADMIN');
		
	INSERT INTO  USER_TYPE(USER_TYPE_PK, description, SHORT_DESC)
		VALUES (2, 'View sales related reports', 'SALESMAN');
		

	
		
-- POPULATE SECURITY PROFILES

	INSERT INTO  SECURITY_PROFILE (SEC_PROFILE_PK, SEC_DESC, SEC_SHORT_DESC)
		VALUES (1, 'Standard Administrator setup', 'ADMIN');
		
	INSERT INTO  SECURITY_PROFILE (SEC_PROFILE_PK, SEC_DESC, SEC_SHORT_DESC) 
		VALUES (2, 'Standard Salesman setup', 'SALESMAN');
		
		
	
-- POPULATE WEBUSER_IP

	INSERT INTO  WEBUSER_IP (customer_no, USER_TYPE, SEC_PROFILE_FK, USER_NAME,
		PASSWORD, ACTIVE, ADDRESS, CITY, STATE_ID, ZIP, COUNTRY_ID,LOGON_COUNTER) 
		VALUES (1, 1, 1, 'admin', 'admin', 1, 'None provided', 'None provided', 1, 'None provided', 1, 0);	
		
	INSERT INTO  WEBUSER_IP (customer_no, USER_TYPE, SEC_PROFILE_FK, USER_NAME,
		PASSWORD, ACTIVE, ADDRESS, CITY, STATE_ID, ZIP, COUNTRY_ID, LOGON_COUNTER) 
		VALUES (2, 2, 2, 'salesman', 'salesman', 0, 'None provided', 'None provided', 1, 'None provided', 1,0); --inactive --
		

		
-- POPULATE SECURITY_AUTH TABLE - ADMIN - all options authorized

	INSERT INTO  SECURITY_AUTH (AUTH_PK, SEC_PROFILE_FK, SEC_ACT_FK, SEC_CODE) 
		VALUES (1, 1, 0,'A');

-- POPULATE SECURITY_AUTH TABLE - SALESMAN - all options authorized
		
	INSERT INTO  SECURITY_AUTH (AUTH_PK, SEC_PROFILE_FK, SEC_ACT_FK, SEC_CODE) 
		VALUES (2, 2, 0,'A');

	

-- POPULATE APPLICATION GROUP TABLE--

	INSERT INTO  APPLICATION_GROUP (APP_GROUP_PK, APP_DESC) 
		VALUES (1, 'Information Portal');
		
-- POPULATE USER RELATION TABLES FOR ADMIN AND SALESMAN USER 

-- CHANGE TO POPULATE ALL USERS WITH ALL ACCESS TO COMPANIES, CUSTOMERS, AND
-- TERRITORIES. Go into admin to change these.


	INSERT INTO USER_CUSTOMER_RELATION(CUSTOMER_REL_PK, customer_no, CUSTOMER_FK, RELATIONSHIP)
		VALUES (1, 1, '0', 'A');
		
	INSERT INTO USER_COMPANY_RELATION(COMPANY_REL_PK, customer_no, COMPANY_FK, RELATIONSHIP)
		VALUES (1, 1, 0, 'A');
		
	INSERT INTO USER_TERRITORY_RELATION(TERRITORY_REL_PK, customer_no, TERRITORY_FK, RELATIONSHIP)
		VALUES (1, 1, 0, 'A');
		
	INSERT INTO USER_INSTALLER_RELATION(INSTALLER_REL_PK, customer_no, INSTALLER_FK, RELATIONSHIP)
		VALUES (1, 1, 0, 'A');
		
-- SALESMAN

	INSERT INTO USER_CUSTOMER_RELATION(CUSTOMER_REL_PK, customer_no, CUSTOMER_FK, RELATIONSHIP)
		VALUES (2, 1, '0', 'A');
		
	INSERT INTO USER_COMPANY_RELATION(COMPANY_REL_PK, customer_no, COMPANY_FK, RELATIONSHIP)
		VALUES (2, 1, 0, 'A');
		
	INSERT INTO USER_TERRITORY_RELATION(TERRITORY_REL_PK, customer_no, TERRITORY_FK, RELATIONSHIP)
		VALUES (2, 1, 0, 'A');
		
	INSERT INTO USER_INSTALLER_RELATION(INSTALLER_REL_PK, customer_no, INSTALLER_FK, RELATIONSHIP)
		VALUES (2, 1, 0, 'A');
		
-- initial values, needed for Order Portal link --

INSERT INTO TERRITORY(territory_id,territory,random_sequence,include_in_conversion_report,include_in_round_robin,round_robin_selected)
	VALUES(1,'Requests',0,1,0,0);
-- set a default currency code --	
insert into currency (currency_id, currency_code, currency_description) values(1,'$', 'US Dollar');	

		